ScikitLearn Least Squares,Pure Python Gradient Descent,ScikitLearn Gradient Descent
0.008264780044555664,3822.495038986206,0.05976510047912598
0.4914395809173584,error,93.12271838188171
21.071815776824952,-,-
