ScikitLearn Least Squares,Pure Python Gradient Descent,ScikitLearn Gradient Descent
0.006732654571533203,3125.4438400268555,0.05408964157104492
0.4649724006652832,Model is starting to diverge,85.41659717559814
