ScikitLearn Gradient Descent,Pure Python Gradient Descent
0.008264780044555664,3822.495038986206
0.4914395809173584,error
21.071815776824952,-
