ScikitLearn Least Squares,Pure Python Gradient Descent,ScikitLearn Gradient Descent
0.007862424850463868,3720.398631811142,0.0682382583618164
0.6076457977294922,Model is starting to diverge,46.52578592300415
23.17081298828125,-,14.602666139602661
