SciPy LeastSquares,ScikitLearn Gradient Descent,Pure Python Gradient Descent
0.0037603855133056642,0.006056594848632813,-
0.40437140464782717,0.5217574119567872,-
